lambda,regularizer,num_estimators,learning_rate,val_acc,val_recall,val_pre,val_f1,train_acc
2.036611,,10,36.2,,,,,
0.270251,l2,310,19.2,0.3333333333333333,0.3333333333333333,0.23390548661853083,0.26404209015457597,0.36704119850187267
4.502511,l1,135,34.2,0.26666666666666666,0.26666666666666666,0.30368303571428573,0.21586704133442555,0.2634207240948814
3.341161,,185,21.2,,,,,
8.310341,,10,14.2,,,,,
8.480271,,285,25.2,,,,,
6.327301,l1,360,37.2,0.2696969696969697,0.2696969696969697,0.30327104209924466,0.20750173592195165,0.27715355805243447
7.059121,l2,160,12.2,0.3333333333333333,0.3333333333333333,0.1111111111111111,0.16666666666666666,0.3333333333333333
2.151461,l1,335,39.2,0.21212121212121213,0.21212121212121207,0.27136583223539745,0.20641422720287073,0.26092384519350814
0.558171,,85,22.2,,,,,
4.093761,l2,110,27.2,0.3333333333333333,0.3333333333333333,0.1111111111111111,0.16666666666666666,0.3333333333333333
8.711451,,60,1.2,,,,,
6.479891,,10,8.2,,,,,
7.613661,l2,10,14.2,0.3333333333333333,0.3333333333333333,0.1111111111111111,0.16666666666666666,0.3333333333333333
0.531141,l1,485,7.2,0.6181818181818182,0.6181818181818182,0.6543035210234188,0.6227661162712036,0.6129837702871411
7.644261,l1,210,5.2,0.6181818181818182,0.6181818181818182,0.4225589225589226,0.4970484061393152,0.6117353308364545
6.799961,,260,39.2,,,,,
3.325191,l1,460,33.2,0.23030303030303031,0.23030303030303031,0.24644699070695278,0.18572530389008635,0.2546816479400749
4.767301,l1,235,19.2,0.5636363636363636,0.5636363636363636,0.5995722996401945,0.5593172218562669,0.5156054931335831
1.825771,l2,185,3.2,0.3333333333333333,0.3333333333333333,0.1111111111111111,0.16666666666666666,0.33458177278401996
5.274921,l2,285,37.2,0.3333333333333333,0.3333333333333333,0.1111111111111111,0.16666666666666666,0.3333333333333333
2.083991,l1,210,22.2,0.48484848484848486,0.4848484848484848,0.652096133441903,0.3895597674479068,0.48564294631710364
6.283901,l1,185,21.2,0.6333333333333333,0.6333333333333333,0.5724604343025396,0.5461066572791955,0.6416978776529338
0.117621,l1,35,17.2,0.6696969696969697,0.6696969696969696,0.6832553901896968,0.6712467549676853,0.7066167290886392
5.876271,l2,35,16.2,0.3333333333333333,0.3333333333333333,0.1111111111111111,0.16666666666666666,0.3333333333333333
4.147951,l2,110,8.2,0.3333333333333333,0.3333333333333333,0.1111111111111111,0.16666666666666666,0.3333333333333333
5.774421,l1,235,29.2,0.2696969696969697,0.2696969696969697,0.30327104209924466,0.20750173592195165,0.27340823970037453
0.166231,,160,20.2,,,,,
3.154841,l2,110,3.2,0.403030303030303,0.403030303030303,0.4268852459016394,0.2902870742228172,0.4132334581772784
6.981681,,160,37.2,,,,,
4.335021,,10,22.2,,,,,
9.332471,l2,10,0.2,0.8545454545454545,0.8545454545454545,0.8604151859748875,0.8499485627253076,0.8664169787765293
6.554851,l1,385,36.2,0.2696969696969697,0.2696969696969697,0.3150637175229077,0.20735617718905217,0.2784019975031211
9.917051,l2,285,8.2,0.5666666666666667,0.5666666666666667,0.4023569023569023,0.466155057064148,0.5593008739076155
7.607161,l1,485,14.2,0.4,0.39999999999999997,0.30094604293077576,0.3348508766525096,0.40324594257178525
6.856481,l1,435,30.2,0.2696969696969697,0.2696969696969697,0.3150637175229077,0.20735617718905217,0.2784019975031211
3.838431,l1,335,3.2,0.5151515151515151,0.5151515151515151,0.6409722222222222,0.4583147374988002,0.49563046192259674
0.037331,l2,235,30.2,0.17575757575757575,0.17575757575757578,0.11595085795512235,0.13854066216650596,0.18601747815230962
6.333481,,60,16.2,,,,,
8.988951,,260,38.2,,,,,
0.555071,l2,385,14.2,0.3333333333333333,0.3333333333333333,0.1111111111111111,0.16666666666666666,0.3333333333333333
6.174081,l2,110,28.2,0.3333333333333333,0.3333333333333333,0.1111111111111111,0.16666666666666666,0.3333333333333333
3.595651,l1,385,19.2,0.46060606060606063,0.46060606060606063,0.6238062582545972,0.35914131953735917,0.4556803995006242
7.356511,l2,335,16.2,0.3333333333333333,0.3333333333333333,0.1111111111111111,0.16666666666666666,0.3333333333333333
8.981381,l1,385,28.2,0.2545454545454545,0.2545454545454545,0.48165869218500795,0.16722031911905333,0.264669163545568
8.312651,,35,4.2,,,,,
2.411141,l1,235,5.2,0.6818181818181818,0.6818181818181818,0.70032665033415,0.642050940176282,0.686641697877653
2.296411,l2,360,17.2,0.4575757575757576,0.4575757575757576,0.39471499723298287,0.3577277162615078,0.45068664169787764
9.640741,l2,335,22.2,0.3333333333333333,0.3333333333333333,0.1111111111111111,0.16666666666666666,0.3333333333333333
9.467421,l1,360,9.2,0.6272727272727273,0.6272727272727273,0.7626984126984127,0.5226628170572231,0.6229712858926342
5.063291,l1,160,35.2,0.26666666666666666,0.26666666666666666,0.2933853950803103,0.20996694462692678,0.2696629213483146
0.627601,,360,3.2,,,,,
3.710971,l1,235,19.2,0.38181818181818183,0.38181818181818183,0.5007118623530837,0.3319166999197776,0.38701622971285893
9.906601,,435,19.2,,,,,
8.988141,l2,235,4.2,0.3333333333333333,0.3333333333333333,0.1111111111111111,0.16666666666666666,0.3333333333333333
2.705621,l1,135,22.2,0.6242424242424243,0.6242424242424242,0.6831542868835686,0.5173302463144595,0.6079900124843945
8.009781,l2,485,12.2,0.3333333333333333,0.3333333333333333,0.1111111111111111,0.16666666666666666,0.3333333333333333
5.811541,l2,360,27.2,0.3333333333333333,0.3333333333333333,0.1111111111111111,0.16666666666666666,0.3333333333333333
4.465651,,410,25.2,,,,,
9.782381,l2,85,36.2,0.3333333333333333,0.3333333333333333,0.1111111111111111,0.16666666666666666,0.3333333333333333
6.493001,,135,39.2,,,,,
8.737161,l2,60,17.2,0.3333333333333333,0.3333333333333333,0.1111111111111111,0.16666666666666666,0.3358302122347066
7.984251,,85,20.2,,,,,
4.695731,l1,435,33.2,0.26666666666666666,0.26666666666666666,0.30368303571428573,0.21586704133442555,0.2634207240948814
2.402971,l2,135,35.2,0.2545454545454545,0.2545454545454546,0.16970320305612696,0.20363905638421667,0.2596754057428215
2.314431,l2,485,31.2,0.24848484848484848,0.2484848484848485,0.16563786008230452,0.19875864014670616,0.26092384519350814
7.504631,,260,25.2,,,,,
1.314801,l1,460,37.2,0.24848484848484848,0.2484848484848485,0.16563192633138632,0.1987631301710724,0.2596754057428215
1.210221,l1,310,28.2,0.24848484848484848,0.2484848484848485,0.16563192633138632,0.1987631301710724,0.25842696629213485
8.467081,,235,37.2,,,,,
4.633521,l2,185,17.2,0.3333333333333333,0.3333333333333333,0.1111111111111111,0.16666666666666666,0.3333333333333333
8.218361,,60,26.2,,,,,
3.492891,l1,135,36.2,0.23333333333333334,0.2333333333333333,0.2623508800085594,0.18930909320455766,0.25593008739076156
4.391791,l1,35,1.2,0.8515151515151516,0.8515151515151516,0.8502337500345784,0.8503037482020476,0.8564294631710362
4.121641,,310,13.2,,,,,
9.288951,,260,22.2,,,,,
0.784231,,360,6.2,,,,,
9.188251,l1,185,1.2,0.8515151515151516,0.8515151515151516,0.8507006509985656,0.8509259259259259,0.8539325842696629
4.387171,,260,20.2,,,,,
3.711641,l2,135,21.2,0.39090909090909093,0.39090909090909093,0.4512325830653805,0.2723796546919786,0.41198501872659177
9.923951,,110,18.2,,,,,
8.611971,l1,310,19.2,0.503030303030303,0.503030303030303,0.5229374110953059,0.4748544552609742,0.5156054931335831
2.727071,l1,385,30.2,0.23030303030303031,0.23030303030303031,0.24492672933753043,0.18571898899230624,0.24968789013732834
4.100621,l1,410,6.2,0.6363636363636364,0.6363636363636364,0.6952787699953409,0.5283827287236745,0.6192259675405742
1.930891,,260,26.2,,,,,
5.932341,l2,285,3.2,0.3333333333333333,0.3333333333333333,0.1111111111111111,0.16666666666666666,0.3333333333333333
1.655501,l1,385,33.2,0.23333333333333334,0.2333333333333333,0.15505335844318893,0.18606890034136625,0.2397003745318352
0.755981,l1,135,20.2,0.5484848484848485,0.5484848484848485,0.5780775534851622,0.5466252914333474,0.5243445692883895
8.151421,l1,235,30.2,0.3151515151515151,0.3151515151515151,0.4558974358974359,0.20797905811875453,0.3233458177278402
9.488821,l2,85,11.2,0.5060606060606061,0.506060606060606,0.45200804436589676,0.4178534874271578,0.5131086142322098
5.875661,,60,0.2,,,,,
4.524281,l1,285,38.2,0.26666666666666666,0.26666666666666666,0.30368303571428573,0.21586704133442555,0.264669163545568
6.211341,,285,4.2,,,,,
0.776381,l2,85,30.2,0.32727272727272727,0.32727272727272727,0.10975609756097561,0.1643835616438356,0.3295880149812734
4.703391,,260,32.2,,,,,
7.428471,l1,310,17.2,0.6424242424242425,0.6424242424242425,0.6327851014856665,0.6092707258341933,0.6254681647940075
0.693581,l1,210,16.2,0.5363636363636364,0.5363636363636364,0.5923885415078033,0.5482974751870516,0.5093632958801498
8.201791,l1,210,25.2,0.5606060606060606,0.5606060606060607,0.6417081417081417,0.5472604589060096,0.5605493133583022
2.608711,,85,1.2,,,,,
8.856481,l1,85,31.2,0.3333333333333333,0.3333333333333333,0.1111111111111111,0.16666666666666666,0.3333333333333333
8.811701,l2,235,36.2,0.3333333333333333,0.3333333333333333,0.1111111111111111,0.16666666666666666,0.3333333333333333
5.847791,,310,29.2,,,,,
1.970691,,235,9.2,,,,,
9.890431,l1,160,21.2,0.5424242424242425,0.5424242424242424,0.47388824898834775,0.49087292909728947,0.5455680399500624
9.563221,l2,185,5.2,0.3333333333333333,0.3333333333333333,0.1111111111111111,0.16666666666666666,0.3333333333333333
2.377011,l2,60,15.2,0.2515151515151515,0.2515151515151515,0.16767691610643742,0.20120513261307482,0.26092384519350814
7.611441,,310,6.2,,,,,
1.512901,,185,18.2,,,,,
0.434021,,435,14.2,,,,,
6.346451,l1,60,1.2,0.8636363636363636,0.8636363636363636,0.8634811166339406,0.8634740704881162,0.8639200998751561
1.416471,l1,285,38.2,0.2515151515151515,0.2515151515151515,0.1676219870664315,0.20115672168147836,0.2634207240948814
0.112991,,410,21.2,,,,,
7.324701,,85,33.2,,,,,
8.713481,,285,30.2,,,,,
7.591091,l1,160,8.2,0.6181818181818182,0.6181818181818182,0.4225589225589226,0.4970484061393152,0.6142322097378277
4.368561,l2,285,28.2,0.3333333333333333,0.3333333333333333,0.1111111111111111,0.16666666666666666,0.3333333333333333
5.045391,,210,38.2,,,,,
1.348971,l1,35,7.2,0.6393939393939394,0.6393939393939393,0.6229263166109817,0.6265108935173046,0.6416978776529338
6.379781,l2,410,5.2,0.3333333333333333,0.3333333333333333,0.1111111111111111,0.16666666666666666,0.3333333333333333
9.719081,,360,31.2,,,,,
3.881471,l1,460,31.2,0.2636363636363636,0.2636363636363636,0.3010684055042782,0.21395213619554854,0.2546816479400749
5.518261,l1,110,21.2,0.603030303030303,0.603030303030303,0.6088031666792729,0.6051372744168225,0.5892634207240949
0.658131,,210,38.2,,,,,
3.433361,l1,260,10.2,0.6333333333333333,0.6333333333333333,0.6398370485961727,0.5396859372739297,0.6392009987515606
2.902001,l1,10,39.2,0.23333333333333334,0.2333333333333333,0.26156359979889393,0.18928901897837783,0.24968789013732834
1.429471,l2,460,34.2,0.3515151515151515,0.3515151515151515,0.22946859903381642,0.24242807194911328,0.35830212234706615
2.935961,l1,260,38.2,0.23333333333333334,0.2333333333333333,0.26156359979889393,0.18928901897837783,0.250936329588015
9.776931,,10,15.2,,,,,
2.488311,l2,385,22.2,0.2545454545454545,0.2545454545454546,0.16970320305612696,0.20363905638421667,0.26217228464419473
6.588201,,385,1.2,,,,,
7.013311,l2,435,5.2,0.3333333333333333,0.3333333333333333,0.1111111111111111,0.16666666666666666,0.3333333333333333
5.038081,l1,185,26.2,0.6606060606060606,0.6606060606060606,0.65765516733009,0.6201484363176295,0.651685393258427
1.739201,l1,185,39.2,0.23939393939393938,0.2393939393939394,0.15888888888888889,0.19062776304155615,0.24094881398252185
6.070731,l2,35,39.2,0.3333333333333333,0.3333333333333333,0.1111111111111111,0.16666666666666666,0.3333333333333333
0.923661,l1,10,32.2,0.24545454545454545,0.24545454545454545,0.16358024691358022,0.1963076597545493,0.2596754057428215
4.695851,l2,60,29.2,0.3333333333333333,0.3333333333333333,0.1111111111111111,0.16666666666666666,0.3333333333333333
8.320191,l2,260,12.2,0.3333333333333333,0.3333333333333333,0.1111111111111111,0.16666666666666666,0.33707865168539325
9.481571,l2,310,33.2,0.3333333333333333,0.3333333333333333,0.1111111111111111,0.16666666666666666,0.3333333333333333
8.010031,l1,360,15.2,0.47575757575757577,0.47575757575757577,0.4643512831122574,0.45305338776066245,0.4868913857677903
5.828931,,185,4.2,,,,,
7.287091,l2,135,28.2,0.3333333333333333,0.3333333333333333,0.1111111111111111,0.16666666666666666,0.3333333333333333
2.248351,l1,310,28.2,0.21212121212121213,0.21212121212121207,0.27136583223539745,0.20641422720287073,0.26092384519350814
3.789831,l2,160,36.2,0.3333333333333333,0.3333333333333333,0.1111111111111111,0.16666666666666666,0.3333333333333333
8.149001,l2,210,10.2,0.3333333333333333,0.3333333333333333,0.1111111111111111,0.16666666666666666,0.3333333333333333
8.609031,,285,14.2,,,,,
4.950761,l2,260,32.2,0.3333333333333333,0.3333333333333333,0.1111111111111111,0.16666666666666666,0.3333333333333333
2.365751,l2,135,12.2,0.5484848484848485,0.5484848484848485,0.7384039637360321,0.5164579415815856,0.5480649188514357
9.668261,,135,10.2,,,,,
4.136251,l1,85,9.2,0.5969696969696969,0.596969696969697,0.46255093653937585,0.49721199626293816,0.5980024968789014
2.852881,l2,485,17.2,0.3333333333333333,0.3333333333333333,0.1111111111111111,0.16666666666666666,0.3333333333333333
7.596141,l2,485,13.2,0.3333333333333333,0.3333333333333333,0.1111111111111111,0.16666666666666666,0.3333333333333333
0.255761,,435,29.2,,,,,
6.240061,,435,10.2,,,,,
8.608621,l2,360,13.2,0.3333333333333333,0.3333333333333333,0.1111111111111111,0.16666666666666666,0.3333333333333333
4.375771,l1,60,3.2,0.593939393939394,0.5939393939393939,0.5941734417344172,0.5777551504586081,0.5955056179775281
6.205871,l2,460,4.2,0.3333333333333333,0.3333333333333333,0.1111111111111111,0.16666666666666666,0.3333333333333333
0.444531,,185,24.2,,,,,
9.637301,l1,410,5.2,0.6121212121212121,0.6121212121212122,0.42507189542483664,0.4945385553598049,0.6154806491885143
5.915891,l1,335,38.2,0.2696969696969697,0.2696969696969697,0.30327104209924466,0.20750173592195165,0.27340823970037453
2.521071,,285,36.2,,,,,
4.828481,,260,18.2,,,,,
9.599671,,160,9.2,,,,,
5.353861,,360,30.2,,,,,
8.978421,l2,335,30.2,0.3333333333333333,0.3333333333333333,0.1111111111111111,0.16666666666666666,0.3333333333333333
3.802731,l1,35,17.2,0.38181818181818183,0.38181818181818183,0.4726946334089191,0.33193013551936784,0.3645443196004994
5.943391,l1,485,28.2,0.2696969696969697,0.2696969696969697,0.30327104209924466,0.20750173592195165,0.27340823970037453
4.965851,l1,235,12.2,0.47575757575757577,0.47575757575757577,0.5200145754457064,0.3921813097874276,0.4581772784019975
3.331621,,60,31.2,,,,,
9.694181,l1,210,32.2,0.3333333333333333,0.3333333333333333,0.1111111111111111,0.16666666666666666,0.3333333333333333
9.885791,,210,16.2,,,,,
3.663641,l2,435,17.2,0.39090909090909093,0.39090909090909093,0.4512325830653805,0.2723796546919786,0.4069912609238452
0.303131,,110,15.2,,,,,
9.391291,,360,25.2,,,,,
2.657631,l1,260,35.2,0.23333333333333334,0.2333333333333333,0.25071986836692717,0.1895074780090991,0.2534332084893883
9.945011,,385,10.2,,,,,
8.986741,,260,22.2,,,,,
1.829521,l1,185,38.2,0.24242424242424243,0.24242424242424243,0.16082566082566083,0.19287812820785102,0.2397003745318352
3.735111,,335,21.2,,,,,
9.575481,,35,19.2,,,,,
5.420221,l1,10,1.2,0.8242424242424242,0.8242424242424242,0.8217192164560586,0.8219422831206972,0.8551810237203495
2.808881,l1,160,21.2,0.48484848484848486,0.48484848484848486,0.6603199939193555,0.4091039828330492,0.49063670411985016
6.406231,,35,26.2,,,,,
3.961651,l1,85,31.2,0.2636363636363636,0.2636363636363636,0.3010684055042782,0.21395213619554854,0.24968789013732834
7.682921,,35,15.2,,,,,
5.024911,l2,60,19.2,0.3333333333333333,0.3333333333333333,0.1111111111111111,0.16666666666666666,0.3333333333333333
8.347591,l1,260,12.2,0.6151515151515151,0.6151515151515151,0.42370565181518155,0.4955469367234073,0.6142322097378277
1.367551,,310,15.2,,,,,
5.140791,l2,210,24.2,0.3333333333333333,0.3333333333333333,0.1111111111111111,0.16666666666666666,0.3333333333333333
9.759611,,460,7.2,,,,,
9.403501,l2,435,17.2,0.5666666666666667,0.5666666666666667,0.4023569023569023,0.466155057064148,0.5617977528089888
7.208521,l1,85,23.2,0.5454545454545454,0.5454545454545455,0.5472027972027972,0.5360780297390055,0.5318352059925093
9.262271,l1,435,14.2,0.6484848484848484,0.6484848484848484,0.6353984053880057,0.6178849323215246,0.6466916354556804
6.545591,l2,160,27.2,0.3333333333333333,0.3333333333333333,0.1111111111111111,0.16666666666666666,0.3333333333333333
4.932191,l1,210,32.2,0.26666666666666666,0.26666666666666666,0.3095216437746986,0.21372663237823528,0.2696629213483146
0.065071,,260,11.2,,,,,
2.964661,,310,29.2,,,,,
6.931281,l1,160,28.2,0.2696969696969697,0.2696969696969697,0.32955244740657297,0.20721544696042468,0.2759051186017478
6.163091,,485,25.2,,,,,
5.457561,l2,185,8.2,0.3333333333333333,0.3333333333333333,0.1111111111111111,0.16666666666666666,0.3333333333333333
1.881291,l2,410,38.2,0.3333333333333333,0.3333333333333333,0.1111111111111111,0.16666666666666666,0.3333333333333333
3.068481,l2,485,38.2,0.3333333333333333,0.3333333333333333,0.1111111111111111,0.16666666666666666,0.3333333333333333
7.803651,l2,160,38.2,0.3333333333333333,0.3333333333333333,0.1111111111111111,0.16666666666666666,0.3333333333333333
8.060391,,235,39.2,,,,,
9.014471,l1,285,3.2,0.4666666666666667,0.4666666666666666,0.5176420508292868,0.47863598968556637,0.44569288389513106
5.715111,l2,185,29.2,0.3333333333333333,0.3333333333333333,0.1111111111111111,0.16666666666666666,0.3333333333333333
6.840261,,160,3.2,,,,,
6.068201,l1,35,16.2,0.403030303030303,0.40303030303030307,0.4627351160370028,0.3044260812346649,0.4107365792759051
8.735051,l1,410,20.2,0.396969696969697,0.396969696969697,0.29723502304147464,0.3204258283707436,0.41198501872659177
7.133161,l1,260,26.2,0.31212121212121213,0.31212121212121213,0.47146629388008704,0.21413712465452783,0.3196004993757803
0.149581,l1,460,38.2,0.41515151515151516,0.4151515151515151,0.3635136552353808,0.36118992161203506,0.449438202247191
6.512531,l1,285,29.2,0.2696969696969697,0.2696969696969697,0.3150637175229077,0.20735617718905217,0.27715355805243447
7.513861,l2,260,19.2,0.803030303030303,0.8030303030303031,0.8279118730731634,0.790444078936646,0.8202247191011236
0.904381,l2,210,27.2,0.3333333333333333,0.3333333333333333,0.1111111111111111,0.16666666666666666,0.3333333333333333
8.361461,l1,35,36.2,0.3151515151515151,0.3151515151515151,0.4558974358974359,0.20797905811875453,0.3208489388264669
0.783211,,385,20.2,,,,,
3.089911,l2,35,20.2,0.3333333333333333,0.3333333333333333,0.1111111111111111,0.16666666666666666,0.3333333333333333
9.333481,,85,18.2,,,,,
0.599441,,485,13.2,,,,,
4.969651,l2,135,36.2,0.3333333333333333,0.3333333333333333,0.1111111111111111,0.16666666666666666,0.3333333333333333
1.726071,,110,22.2,,,,,
7.195661,,185,20.2,,,,,
5.660191,,185,36.2,,,,,
3.884411,,335,28.2,,,,,
4.427911,l1,160,39.2,0.2636363636363636,0.2636363636363636,0.3010684055042782,0.21395213619554854,0.2634207240948814
0.264071,l1,335,6.2,0.5393939393939394,0.5393939393939394,0.55482341523873,0.5323978452240179,0.5667915106117354
0.229841,l2,10,0.2,0.906060606060606,0.9060606060606061,0.9057782796913232,0.9056111502623131,0.9088639200998752
5.851051,l1,10,12.2,0.3515151515151515,0.3515151515151515,0.30896448036083446,0.21955411601918554,0.36079900124843944
5.909951,,310,7.2,,,,,
7.954391,l1,285,28.2,0.3151515151515151,0.3151515151515151,0.47594195927529265,0.21572481572481572,0.32209737827715357
8.939111,l2,160,28.2,0.3333333333333333,0.3333333333333333,0.1111111111111111,0.16666666666666666,0.3333333333333333
5.618801,l2,285,26.2,0.3333333333333333,0.3333333333333333,0.1111111111111111,0.16666666666666666,0.3333333333333333
9.625741,l1,235,38.2,0.25757575757575757,0.25757575757575757,0.4839269257873909,0.16881052175169822,0.2696629213483146
8.131291,,235,19.2,,,,,
6.309871,l1,110,6.2,0.6181818181818182,0.6181818181818182,0.42090567570311704,0.4964820172149005,0.6129837702871411
3.495681,,385,33.2,,,,,
8.568311,l2,185,10.2,0.3333333333333333,0.3333333333333333,0.1111111111111111,0.16666666666666666,0.3333333333333333
4.619131,l1,160,26.2,0.49696969696969695,0.4969696969696969,0.5093213390493593,0.5007006315864017,0.4631710362047441
7.068891,,410,34.2,,,,,
2.159951,,160,20.2,,,,,
9.092261,l2,435,0.2,0.8939393939393939,0.893939393939394,0.893301633575469,0.8934621860191191,0.8876404494382022
0.416381,,385,33.2,,,,,
0.984781,l2,10,20.2,0.5212121212121212,0.5212121212121212,0.7001874765654293,0.47155214263648,0.5118601747815231
1.409141,,60,31.2,,,,,
5.820711,l1,235,20.2,0.6181818181818182,0.6181818181818182,0.5845633606283737,0.5455605212417013,0.6317103620474407
3.147011,l1,35,23.2,0.3696969696969697,0.3696969696969697,0.4376399655469423,0.3815857377433732,0.37453183520599254
6.448081,,85,22.2,,,,,
4.283121,l2,385,36.2,0.3333333333333333,0.3333333333333333,0.1111111111111111,0.16666666666666666,0.3333333333333333
3.742511,,435,26.2,,,,,
3.003941,l1,235,5.2,0.6272727272727273,0.6272727272727273,0.7565316168118138,0.5074785629002497,0.6229712858926342
5.862341,l2,35,37.2,0.3333333333333333,0.3333333333333333,0.1111111111111111,0.16666666666666666,0.3333333333333333
4.493371,l1,410,31.2,0.26666666666666666,0.26666666666666666,0.30368303571428573,0.21586704133442555,0.2596754057428215
5.741121,,85,8.2,,,,,
7.372981,l2,485,19.2,0.3333333333333333,0.3333333333333333,0.1111111111111111,0.16666666666666666,0.3333333333333333
3.272151,l2,160,12.2,0.3333333333333333,0.3333333333333333,0.1111111111111111,0.16666666666666666,0.3333333333333333
2.430281,l1,485,23.2,0.5636363636363636,0.5636363636363636,0.6105946937087018,0.5429260078446457,0.5543071161048689
7.052861,l1,60,9.2,0.5636363636363636,0.5636363636363636,0.5216583640946612,0.5289976590321958,0.5717852684144819
6.579201,l2,60,9.2,0.3333333333333333,0.3333333333333333,0.1111111111111111,0.16666666666666666,0.3333333333333333
3.337361,l2,435,2.2,0.7848484848484848,0.7848484848484848,0.791646286785685,0.7858603233521189,0.7802746566791511
6.281771,l2,485,36.2,0.3333333333333333,0.3333333333333333,0.1111111111111111,0.16666666666666666,0.3333333333333333
8.384631,l2,210,22.2,0.6515151515151515,0.6515151515151515,0.44881291547958213,0.5272220363555258,0.6491885143570537
1.581521,l1,410,37.2,0.23030303030303031,0.23030303030303031,0.15313852813852813,0.18376068376068377,0.23720349563046192
6.257651,l1,235,18.2,0.6090909090909091,0.609090909090909,0.5546058879392213,0.5383197264369991,0.6292134831460674
9.569121,,160,27.2,,,,,
8.837881,l2,10,35.2,0.3333333333333333,0.3333333333333333,0.1111111111111111,0.16666666666666666,0.3333333333333333
5.340471,,285,23.2,,,,,
1.118431,l1,385,30.2,0.2515151515151515,0.2515151515151515,0.1676706827309237,0.20120596635988575,0.2571785268414482
0.369411,,485,9.2,,,,,
5.674951,l1,60,9.2,0.48787878787878786,0.48787878787878786,0.5508372048006195,0.4887984609519756,0.449438202247191
2.841751,,160,13.2,,,,,
6.575611,l2,235,37.2,0.3333333333333333,0.3333333333333333,0.1111111111111111,0.16666666666666666,0.3333333333333333
9.558991,l1,310,19.2,0.6090909090909091,0.609090909090909,0.6459482911388538,0.5920079108579794,0.5780274656679151
5.359301,l2,360,21.2,0.35454545454545455,0.35454545454545455,0.44685242518059853,0.2092470868452393,0.36329588014981273
1.272591,l2,410,31.2,0.3333333333333333,0.3333333333333333,0.1111111111111111,0.16666666666666666,0.3333333333333333
4.768141,,160,9.2,,,,,
0.779751,l1,385,15.2,0.5606060606060606,0.5606060606060607,0.5724193618078511,0.5588667920869793,0.5280898876404494
7.993821,l1,135,8.2,0.6181818181818182,0.6181818181818182,0.42435897435897435,0.4976702508960574,0.6142322097378277
3.162351,l1,185,4.2,0.4666666666666667,0.4666666666666666,0.629170144421681,0.3652297405110609,0.46192259675405745
5.555381,l1,485,21.2,0.4727272727272727,0.4727272727272727,0.49578469782032125,0.38924538688204574,0.4519350811485643
2.556371,l1,410,2.2,0.7666666666666667,0.7666666666666666,0.7674903799903801,0.7670378468543606,0.8252184769038702
0.611221,l1,235,5.2,0.7727272727272727,0.7727272727272728,0.7826513740916116,0.7745598633092033,0.7565543071161048
3.291971,,110,24.2,,,,,
6.982821,,210,27.2,,,,,
5.585611,,360,24.2,,,,,
4.395661,l2,335,15.2,0.3333333333333333,0.3333333333333333,0.1111111111111111,0.16666666666666666,0.3333333333333333
2.942991,l2,285,20.2,0.38484848484848483,0.38484848484848483,0.45047923322683703,0.262603699360275,0.41198501872659177
0.669281,l1,10,21.2,0.6333333333333333,0.6333333333333333,0.6260706914344686,0.6243354465576688,0.6067415730337079
5.863691,l2,335,16.2,0.3333333333333333,0.3333333333333333,0.1111111111111111,0.16666666666666666,0.3333333333333333
5.019431,l2,160,19.2,0.6212121212121212,0.6212121212121212,0.7648498247208965,0.5861553895971919,0.6466916354556804
4.523941,l2,435,12.2,0.4393939393939394,0.4393939393939394,0.7628233664737597,0.3625005441643812,0.43570536828963796
8.396021,l2,85,8.2,0.3333333333333333,0.3333333333333333,0.1111111111111111,0.16666666666666666,0.3333333333333333
4.968251,,485,12.2,,,,,
0.301291,,285,2.2,,,,,
8.565591,l2,435,19.2,0.3333333333333333,0.3333333333333333,0.1111111111111111,0.16666666666666666,0.3358302122347066
3.139941,l1,360,27.2,0.4303030303030303,0.43030303030303024,0.45645645645645655,0.3767655854612377,0.4307116104868914
0.428431,,385,23.2,,,,,
2.424681,l2,360,39.2,0.2545454545454545,0.2545454545454546,0.16970320305612696,0.20363905638421667,0.26092384519350814
6.836371,l1,460,19.2,0.44545454545454544,0.4454545454545455,0.4233673062688607,0.3558728949818059,0.43570536828963796
4.200091,l2,235,32.2,0.3333333333333333,0.3333333333333333,0.1111111111111111,0.16666666666666666,0.3333333333333333
9.987381,,410,23.2,,,,,
8.841901,l1,360,15.2,0.6151515151515151,0.6151515151515151,0.4257703081232493,0.49625751196516604,0.6129837702871411
4.193711,l1,10,27.2,0.2636363636363636,0.2636363636363636,0.3010684055042782,0.21395213619554854,0.25842696629213485
0.302511,l2,210,35.2,0.32727272727272727,0.32727272727272727,0.22811594202898552,0.2578898225957049,0.3620474406991261
6.748461,,460,36.2,,,,,
8.928871,l1,160,2.2,0.8181818181818182,0.8181818181818182,0.8170259005173617,0.8159577316692465,0.8027465667915106
1.036041,,85,20.2,,,,,
2.838521,l1,285,21.2,0.5969696969696969,0.596969696969697,0.5789806836164452,0.5772922324367532,0.5867665418227216
9.971261,,210,37.2,,,,,
5.472551,l2,360,24.2,0.35454545454545455,0.35454545454545455,0.44685242518059853,0.2092470868452393,0.36329588014981273
7.569811,l2,185,34.2,0.3333333333333333,0.3333333333333333,0.1111111111111111,0.16666666666666666,0.3333333333333333
2.103671,l2,285,15.2,0.5454545454545454,0.5454545454545454,0.7179617469251616,0.5114466332837734,0.5580524344569289
1.491341,,35,0.2,,,,,
8.358521,,385,33.2,,,,,
0.706241,l2,435,19.2,0.5878787878787879,0.5878787878787879,0.7242230324676936,0.4738380622001312,0.5892634207240949
4.992721,,360,38.2,,,,,
7.788141,,235,27.2,,,,,
4.539551,l1,460,15.2,0.4727272727272727,0.4727272727272727,0.49733055154335853,0.3908506867523261,0.4519350811485643
2.049201,,260,15.2,,,,,
2.589001,,435,35.2,,,,,
6.663371,l2,260,17.2,0.6515151515151515,0.6515151515151515,0.4509115428164319,0.5280804993677476,0.6491885143570537
4.408071,l1,135,18.2,0.5666666666666667,0.5666666666666667,0.5605868118572293,0.5631408905745189,0.5243445692883895
7.958791,,310,32.2,,,,,
8.654501,,410,25.2,,,,,
4.900891,,435,37.2,,,,,
6.519941,l2,285,24.2,0.3939393939393939,0.393939393939394,0.42207792207792205,0.2764486975013291,0.37453183520599254
6.528771,,135,4.2,,,,,
7.429671,l2,360,25.2,0.3333333333333333,0.3333333333333333,0.1111111111111111,0.16666666666666666,0.3333333333333333
7.149001,l2,10,24.2,0.3333333333333333,0.3333333333333333,0.1111111111111111,0.16666666666666666,0.3333333333333333
8.661971,,310,8.2,,,,,
4.775371,l1,110,23.2,0.5666666666666667,0.5666666666666667,0.5803658706884512,0.571020192657577,0.5230961298377028
1.195771,l2,360,17.2,0.3333333333333333,0.3333333333333333,0.1111111111111111,0.16666666666666666,0.3333333333333333
4.462261,,335,28.2,,,,,
0.478781,l1,310,22.2,0.7090909090909091,0.709090909090909,0.7121339978944597,0.7001385040219992,0.6991260923845194
2.197481,l2,410,38.2,0.24848484848484848,0.2484848484848485,0.16563786008230452,0.19875864014670616,0.26092384519350814
8.563751,l1,360,24.2,0.5181818181818182,0.5181818181818182,0.5179063360881543,0.5075130183825836,0.5268414481897628
9.355661,,385,16.2,,,,,
9.876421,l2,135,26.2,0.3333333333333333,0.3333333333333333,0.1111111111111111,0.16666666666666666,0.3333333333333333
3.511821,,135,36.2,,,,,
4.152781,,285,10.2,,,,,
7.832871,l1,135,3.2,0.4,0.39999999999999997,0.533223779784871,0.39991946934537054,0.3857677902621723
7.275361,,385,10.2,,,,,
9.744121,l1,35,15.2,0.6121212121212121,0.6121212121212122,0.4241951219512195,0.4937971406056512,0.6129837702871411
7.006521,,110,32.2,,,,,
2.034511,l1,60,13.2,0.6151515151515151,0.6151515151515151,0.6177368927368928,0.5441057441057441,0.5855181023720349
3.220731,l1,35,22.2,0.4575757575757576,0.4575757575757576,0.5120484914594541,0.4429662738677851,0.418227215980025
7.809071,,360,8.2,,,,,
8.816641,l1,85,1.2,0.8363636363636363,0.8363636363636363,0.8351699676920915,0.8355533758808344,0.8514357053682896
8.455821,,285,10.2,,,,,
4.798231,l2,85,9.2,0.38181818181818183,0.38181818181818183,0.2807366189719131,0.2546980478014961,0.37702871410736577
2.018241,,310,12.2,,,,,
1.689381,l1,435,36.2,0.23333333333333334,0.2333333333333333,0.15508574807806033,0.18605103194797853,0.24094881398252185
6.279611,l1,460,29.2,0.2696969696969697,0.2696969696969697,0.30327104209924466,0.20750173592195165,0.2759051186017478
7.461471,,260,17.2,,,,,
2.335151,l2,210,12.2,0.46060606060606063,0.46060606060606063,0.317122741980066,0.3504932197404005,0.45068664169787764
1.250281,l2,385,23.2,0.4696969696969697,0.4696969696969697,0.4153895057103285,0.37354089715339533,0.48064918851435706
3.924201,,110,15.2,,,,,
1.069131,l1,235,4.2,0.8303030303030303,0.8303030303030302,0.8313682179092421,0.8300539451873562,0.8289637952559301
2.503331,l1,285,5.2,0.6303030303030303,0.6303030303030304,0.5905082773268161,0.5566436981290258,0.6554307116104869
4.458911,l2,60,9.2,0.37575757575757573,0.37575757575757573,0.44936708860759494,0.24741279216517745,0.37952559300873906
7.152701,l2,85,30.2,0.3333333333333333,0.3333333333333333,0.1111111111111111,0.16666666666666666,0.3333333333333333
9.444421,l2,410,18.2,0.6484848484848484,0.6484848484848484,0.4458479886035576,0.5247212980407353,0.6441947565543071
7.415631,l1,410,34.2,0.31212121212121213,0.31212121212121213,0.47146629388008704,0.21413712465452783,0.3196004993757803
6.811481,,110,25.2,,,,,
2.874861,,160,17.2,,,,,
1.430271,l1,260,29.2,0.2515151515151515,0.2515151515151515,0.1676219870664315,0.20115672168147836,0.264669163545568
2.191051,,85,35.2,,,,,
7.629831,l2,185,19.2,0.3333333333333333,0.3333333333333333,0.1111111111111111,0.16666666666666666,0.3333333333333333
2.748181,l1,360,27.2,0.4303030303030303,0.43030303030303035,0.4873781910818948,0.38494802489353014,0.42946317103620474
0.058721,l1,185,0.2,0.9030303030303031,0.903030303030303,0.9029405330376203,0.9023805718662082,0.9101123595505618
6.286001,l1,185,15.2,0.3878787878787879,0.3878787878787879,0.36129531802230463,0.3432738507927709,0.3882646691635456
1.185611,,60,1.2,,,,,
7.392811,l1,310,29.2,0.31212121212121213,0.31212121212121213,0.47146629388008704,0.21413712465452783,0.32209737827715357
6.731831,l1,85,39.2,0.2696969696969697,0.2696969696969697,0.3150637175229077,0.20735617718905217,0.27715355805243447
7.156381,l2,385,39.2,0.3333333333333333,0.3333333333333333,0.1111111111111111,0.16666666666666666,0.3333333333333333
9.740061,l1,110,27.2,0.3333333333333333,0.3333333333333333,0.1111111111111111,0.16666666666666666,0.3333333333333333
8.746301,,260,31.2,,,,,
5.626381,l2,185,36.2,0.3333333333333333,0.3333333333333333,0.1111111111111111,0.16666666666666666,0.3333333333333333
6.968021,l2,110,16.2,0.3393939393939394,0.33939393939393936,0.2242798353909465,0.18046506700566767,0.3408239700374532
3.458081,l2,210,0.2,0.8818181818181818,0.8818181818181818,0.8823874801500448,0.8819387297801086,0.9051186017478152
1.034471,l2,260,13.2,0.5454545454545454,0.5454545454545454,0.45249999999999996,0.4576023391812865,0.5642946317103621
6.352441,l1,235,27.2,0.2696969696969697,0.2696969696969697,0.30327104209924466,0.20750173592195165,0.27340823970037453
4.521671,l1,310,8.2,0.6181818181818182,0.6181818181818182,0.5056224977149552,0.5035302861389818,0.6242197253433208
3.637311,l2,10,5.2,0.33636363636363636,0.33636363636363636,0.44478216818642347,0.17305232339400908,0.33458177278401996
6.845751,l1,335,27.2,0.2696969696969697,0.2696969696969697,0.3150637175229077,0.20735617718905217,0.2784019975031211
5.397181,l1,35,19.2,0.37272727272727274,0.37272727272727274,0.42052602052602056,0.3130403555774964,0.34831460674157305
0.191321,,260,20.2,,,,,
6.963151,,285,19.2,,,,,
2.342941,l1,360,18.2,0.4818181818181818,0.48181818181818176,0.6469917732183567,0.3845468470305558,0.48564294631710364
3.684661,l1,310,8.2,0.46060606060606063,0.46060606060606063,0.6238062582545972,0.35914131953735917,0.4556803995006242
7.676121,l2,60,28.2,0.3333333333333333,0.3333333333333333,0.1111111111111111,0.16666666666666666,0.3333333333333333
5.849631,l2,135,37.2,0.3333333333333333,0.3333333333333333,0.1111111111111111,0.16666666666666666,0.3333333333333333
2.406321,,485,7.2,,,,,
2.060441,l1,110,17.2,0.4636363636363636,0.4636363636363636,0.5664053183121464,0.3830898322356819,0.4706616729088639
7.885591,l2,285,8.2,0.5606060606060606,0.5606060606060606,0.40343915343915343,0.4629529670013315,0.5605493133583022
0.948571,,235,1.2,,,,,
2.213761,,85,27.2,,,,,
3.348101,,160,25.2,,,,,
6.415331,l2,460,13.2,0.3333333333333333,0.3333333333333333,0.1111111111111111,0.16666666666666666,0.3333333333333333
6.337031,,10,4.2,,,,,
8.437481,l2,160,30.2,0.3333333333333333,0.3333333333333333,0.1111111111111111,0.16666666666666666,0.3333333333333333
6.881501,,10,1.2,,,,,
5.889821,l2,410,22.2,0.7151515151515152,0.7151515151515152,0.7902661281971627,0.7088206334184136,0.7128589263420724
0.067601,l1,135,7.2,0.7090909090909091,0.709090909090909,0.7357374768089054,0.7146380522364776,0.731585518102372
1.738351,l2,410,11.2,0.3333333333333333,0.3333333333333333,0.1111111111111111,0.16666666666666666,0.3333333333333333
6.129341,l1,60,8.2,0.6181818181818182,0.6181818181818182,0.42090567570311704,0.4964820172149005,0.6142322097378277
2.748011,,385,11.2,,,,,
7.104351,l1,260,33.2,0.31212121212121213,0.31212121212121213,0.47146629388008704,0.21413712465452783,0.3196004993757803
6.509181,,360,7.2,,,,,
8.721391,l1,285,7.2,0.6666666666666666,0.6666666666666666,0.6634315948601662,0.6540903949678448,0.6754057428214731
9.835091,l1,110,22.2,0.5484848484848485,0.5484848484848485,0.5616858237547893,0.5513025533409937,0.5518102372034956
7.022681,l1,235,7.2,0.35454545454545455,0.35454545454545455,0.4209500177242113,0.3266161547005036,0.3620474406991261
6.585181,l2,310,0.2,0.8878787878787879,0.8878787878787878,0.8874745656656561,0.8864727043863225,0.9001248439450686
8.752581,,10,8.2,,,,,
6.455711,l1,260,24.2,0.503030303030303,0.503030303030303,0.5069518797447298,0.5045954078844267,0.48064918851435706
0.112621,,35,36.2,,,,,
5.993751,,210,28.2,,,,,
9.748781,,60,22.2,,,,,
7.687251,l2,410,23.2,0.5,0.5,0.4453044061185935,0.41219583699794776,0.5181023720349563
2.831341,l1,135,19.2,0.4636363636363636,0.4636363636363636,0.5474857911406135,0.3882018711225134,0.44569288389513106
8.828891,,35,8.2,,,,,
5.128181,,385,27.2,,,,,
1.217061,,135,10.2,,,,,
2.976271,l1,160,34.2,0.23636363636363636,0.23636363636363633,0.27326538196103417,0.19291461403447666,0.250936329588015
0.174921,l2,285,31.2,0.2545454545454545,0.2545454545454546,0.1647891857096878,0.1899955808350796,0.2908863920099875
4.695341,l2,485,38.2,0.3333333333333333,0.3333333333333333,0.1111111111111111,0.16666666666666666,0.3333333333333333
3.547711,,85,31.2,,,,,
0.681341,l1,85,35.2,0.24848484848484848,0.2484848484848485,0.16563192633138632,0.1987631301710724,0.2571785268414482
9.529541,l1,235,14.2,0.5,0.5,0.4752172665509209,0.44519037603097594,0.484394506866417
0.414381,l2,35,11.2,0.5878787878787879,0.5878787878787879,0.39341373833631127,0.46986607142857145,0.6004993757802747
2.887191,,185,34.2,,,,,
0.350581,l1,35,3.2,0.6909090909090909,0.6909090909090909,0.6969285503768262,0.6878465569848654,0.7215980024968789
9.825761,,210,0.2,,,,,
8.346861,,110,20.2,,,,,
1.790321,l2,285,12.2,0.6909090909090909,0.6909090909090909,0.7974172348135863,0.6824357685663136,0.6766541822721598
9.391011,l2,410,14.2,0.3333333333333333,0.3333333333333333,0.11178861788617887,0.167427701674277,0.3358302122347066
7.457991,l2,285,13.2,0.5606060606060606,0.5606060606060607,0.40528760830984445,0.46348588120740014,0.5617977528089888
7.467461,l1,10,13.2,0.16363636363636364,0.16363636363636364,0.2155950875925591,0.16024702345860733,0.19350811485642946
7.690851,l2,110,11.2,0.3333333333333333,0.3333333333333333,0.1111111111111111,0.16666666666666666,0.3333333333333333
3.676401,l1,110,22.2,0.3787878787878788,0.37878787878787873,0.4697137737633721,0.3298711182773942,0.3857677902621723
2.638881,l1,185,11.2,0.6212121212121212,0.6212121212121212,0.7468402331037615,0.5099134621232856,0.6054931335830213
5.575641,,185,27.2,,,,,
1.240531,l2,435,9.2,0.5848484848484848,0.5848484848484848,0.3888480392156863,0.4670194003527337,0.5930087390761548
8.002451,l1,335,17.2,0.44545454545454544,0.4454545454545454,0.6096899224806202,0.34298355583279333,0.4369538077403246
7.579991,,485,36.2,,,,,
1.700611,l1,385,36.2,0.23636363636363636,0.23636363636363636,0.15699187292660968,0.18834488945454222,0.24094881398252185
5.247621,l2,360,38.2,0.3333333333333333,0.3333333333333333,0.1111111111111111,0.16666666666666666,0.3333333333333333
7.932621,,335,5.2,,,,,
4.873431,l2,35,28.2,0.3333333333333333,0.3333333333333333,0.1111111111111111,0.16666666666666666,0.3333333333333333
7.049731,l1,335,21.2,0.4303030303030303,0.43030303030303035,0.38483660130718955,0.35622710622710624,0.42696629213483145
8.311271,l1,110,13.2,0.6121212121212121,0.6121212121212122,0.5909757393255467,0.5748067661696368,0.6279650436953808
7.967911,l2,285,12.2,0.5606060606060606,0.5606060606060606,0.40343915343915343,0.4629529670013315,0.5605493133583022
0.190411,l1,485,25.2,0.5212121212121212,0.5212121212121211,0.5167860536382347,0.5058773044717206,0.5343320848938826
5.751621,l1,285,18.2,0.4696969696969697,0.4696969696969697,0.4466002996683725,0.4416884193899631,0.45692883895131087
1.258541,,410,2.2,,,,,
7.301971,,10,35.2,,,,,
8.243131,l1,210,11.2,0.4727272727272727,0.4727272727272727,0.4738695937090433,0.4732815006787609,0.4794007490636704
7.837271,l2,235,14.2,0.3333333333333333,0.3333333333333333,0.1111111111111111,0.16666666666666666,0.3333333333333333
9.564521,l2,60,18.2,0.3333333333333333,0.3333333333333333,0.1111111111111111,0.16666666666666666,0.3358302122347066
9.489221,,260,2.2,,,,,
9.173851,,285,16.2,,,,,
2.814061,,435,7.2,,,,,
6.540581,,335,28.2,,,,,
3.126991,l2,110,22.2,0.3333333333333333,0.3333333333333333,0.1111111111111111,0.16666666666666666,0.3333333333333333
1.922171,l1,310,38.2,0.24242424242424243,0.24242424242424243,0.16088621240846065,0.19286153791671645,0.2421972534332085
0.955201,,60,39.2,,,,,
3.868951,,385,28.2,,,,,
8.950621,,285,33.2,,,,,
1.820511,l2,360,28.2,0.3333333333333333,0.3333333333333333,0.1111111111111111,0.16666666666666666,0.3333333333333333
2.003761,,110,3.2,,,,,
7.139061,l1,385,27.2,0.31212121212121213,0.31212121212121213,0.47146629388008704,0.21413712465452783,0.3196004993757803
5.173271,l1,360,24.2,0.509090909090909,0.5090909090909091,0.500807574491785,0.5033414043583535,0.4868913857677903
7.873631,l2,35,6.2,0.3333333333333333,0.3333333333333333,0.1111111111111111,0.16666666666666666,0.3333333333333333
0.821211,l2,85,17.2,0.5060606060606061,0.506060606060606,0.36336826822739443,0.401253058114829,0.5230961298377028
7.287851,l2,460,5.2,0.3333333333333333,0.3333333333333333,0.1111111111111111,0.16666666666666666,0.3333333333333333
1.150371,,60,12.2,,,,,
1.223281,l1,335,28.2,0.24848484848484848,0.2484848484848485,0.16563192633138632,0.1987631301710724,0.2596754057428215
1.831781,l2,10,34.2,0.3333333333333333,0.3333333333333333,0.1111111111111111,0.16666666666666666,0.3333333333333333
9.057971,,260,31.2,,,,,
8.774601,l1,385,15.2,0.34545454545454546,0.34545454545454546,0.2735948886892283,0.29977865898646544,0.3732833957553059
3.898911,,385,11.2,,,,,
8.985111,,210,12.2,,,,,
8.623661,l1,460,5.2,0.603030303030303,0.603030303030303,0.5659007864658628,0.5459190598431105,0.5955056179775281
9.937401,l1,135,26.2,0.25757575757575757,0.25757575757575757,0.4839269257873909,0.16881052175169822,0.2696629213483146
8.228661,l1,335,31.2,0.3333333333333333,0.3333333333333333,0.1111111111111111,0.16666666666666666,0.3333333333333333
3.175611,,285,0.2,,,,,
5.104681,l2,260,9.2,0.3333333333333333,0.3333333333333333,0.1111111111111111,0.16666666666666666,0.3333333333333333
2.752211,l1,135,35.2,0.23636363636363636,0.23636363636363633,0.27326538196103417,0.19291461403447666,0.24968789013732834
9.072441,l2,135,31.2,0.3333333333333333,0.3333333333333333,0.1111111111111111,0.16666666666666666,0.3333333333333333
0.842311,l2,110,9.2,0.3333333333333333,0.3333333333333333,0.1111111111111111,0.16666666666666666,0.3333333333333333
4.777661,l1,360,36.2,0.26666666666666666,0.26666666666666666,0.30368303571428573,0.21586704133442555,0.26841448189762795
2.879881,,360,37.2,,,,,
0.706411,l2,285,32.2,0.32727272727272727,0.32727272727272727,0.10975609756097561,0.1643835616438356,0.3295880149812734
9.692341,l1,335,29.2,0.3333333333333333,0.3333333333333333,0.1111111111111111,0.16666666666666666,0.3333333333333333
5.139651,l2,85,31.2,0.3333333333333333,0.3333333333333333,0.1111111111111111,0.16666666666666666,0.3333333333333333
5.575781,l2,60,13.2,0.35454545454545455,0.35454545454545455,0.44685242518059853,0.2092470868452393,0.3620474406991261
3.459061,l1,60,23.2,0.42727272727272725,0.42727272727272725,0.5500068418171867,0.3925577166703927,0.39325842696629215
2.016561,,60,26.2,,,,,
5.619751,l1,185,6.2,0.6696969696969697,0.6696969696969696,0.7402702397105383,0.6032175474798426,0.6566791510611736
4.931321,,410,32.2,,,,,
2.143991,,35,33.2,,,,,
5.766691,,435,37.2,,,,,
