lambda,regularizer,val_acc,val_recall,val_pre,val_f1,train_acc
2.036611,,,,,,
0.270251,l2,0.8696969696969697,0.8696969696969696,0.8692100201976332,0.8689448454095682,0.9987515605493134
4.502511,l1,0.8757575757575757,0.8757575757575758,0.875973700973701,0.8745320188852292,0.9737827715355806
3.341161,,,,,,
8.310341,,,,,,
8.480271,,,,,,
6.327301,l1,0.8727272727272727,0.8727272727272727,0.8728458049886622,0.871286922373879,0.968789013732834
7.059121,l2,0.8727272727272727,0.8727272727272727,0.8728458049886622,0.871286922373879,0.968789013732834
2.151461,l1,0.8787878787878788,0.8787878787878788,0.8784802902449962,0.8779481563026034,0.9837702871410736
0.558171,,,,,,
4.093761,l2,0.8757575757575757,0.8757575757575758,0.875973700973701,0.8745320188852292,0.9737827715355806
8.711451,,,,,,
6.479891,,,,,,
7.613661,l2,0.8757575757575757,0.8757575757575758,0.8756967433438022,0.8744769089517423,0.968789013732834
0.531141,l1,0.8757575757575757,0.8757575757575758,0.8752376436586963,0.8752471650556465,0.9987515605493134
7.644261,l1,0.8757575757575757,0.8757575757575758,0.8756967433438022,0.8744769089517423,0.968789013732834
6.799961,,,,,,
3.325191,l1,0.8757575757575757,0.8757575757575758,0.875973700973701,0.8745320188852292,0.9775280898876404
4.767301,l1,0.8757575757575757,0.8757575757575758,0.875973700973701,0.8745320188852292,0.9725343320848939
1.825771,l2,0.8787878787878788,0.8787878787878788,0.8784802902449962,0.8779481563026034,0.9887640449438202
5.274921,l2,0.8727272727272727,0.8727272727272727,0.8728458049886622,0.871286922373879,0.9700374531835206
2.083991,l1,0.8787878787878788,0.8787878787878788,0.8784802902449962,0.8779481563026034,0.9837702871410736
6.283901,l1,0.8727272727272727,0.8727272727272727,0.8728458049886622,0.871286922373879,0.968789013732834
0.117621,l1,0.8696969696969697,0.8696969696969696,0.8690275181410682,0.8688970660801646,0.9987515605493134
5.876271,l2,0.8727272727272727,0.8727272727272727,0.8728458049886622,0.871286922373879,0.9700374531835206
4.147951,l2,0.8757575757575757,0.8757575757575758,0.875973700973701,0.8745320188852292,0.9737827715355806
5.774421,l1,0.8727272727272727,0.8727272727272727,0.8728458049886622,0.871286922373879,0.9700374531835206
0.166231,,,,,,
3.154841,l2,0.8787878787878788,0.8787878787878788,0.8788157064627654,0.877704040971444,0.978776529338327
6.981681,,,,,,
4.335021,,,,,,
9.332471,l2,0.8757575757575757,0.8757575757575758,0.8756967433438022,0.8744769089517423,0.9650436953807741
6.554851,l1,0.8727272727272727,0.8727272727272727,0.8728458049886622,0.871286922373879,0.968789013732834
9.917051,l2,0.8757575757575757,0.8757575757575758,0.8756967433438022,0.8744769089517423,0.9637952559300874
7.607161,l1,0.8757575757575757,0.8757575757575758,0.8756967433438022,0.8744769089517423,0.968789013732834
6.856481,l1,0.8727272727272727,0.8727272727272727,0.8728458049886622,0.871286922373879,0.968789013732834
3.838431,l1,0.8757575757575757,0.8757575757575758,0.875973700973701,0.8745320188852292,0.9737827715355806
0.037331,l2,0.8727272727272727,0.8727272727272727,0.8719693777215901,0.8721221795369255,1.0
6.333481,,,,,,
8.988951,,,,,,
0.555071,l2,0.8757575757575757,0.8757575757575758,0.8752376436586963,0.8752471650556465,0.9987515605493134
6.174081,l2,0.8727272727272727,0.8727272727272727,0.8728458049886622,0.871286922373879,0.9700374531835206
3.595651,l1,0.8757575757575757,0.8757575757575758,0.875973700973701,0.8745320188852292,0.9750312109862672
7.356511,l2,0.8727272727272727,0.8727272727272727,0.8728458049886622,0.871286922373879,0.968789013732834
8.981381,l1,0.8757575757575757,0.8757575757575758,0.8756967433438022,0.8744769089517423,0.9662921348314607
8.312651,,,,,,
2.411141,l1,0.8787878787878788,0.8787878787878788,0.8784802902449962,0.8779481563026034,0.9812734082397003
2.296411,l2,0.8757575757575757,0.8757575757575756,0.8755646063919263,0.8747862558113023,0.9812734082397003
9.640741,l2,0.8757575757575757,0.8757575757575758,0.8756967433438022,0.8744769089517423,0.9650436953807741
9.467421,l1,0.8757575757575757,0.8757575757575758,0.8756967433438022,0.8744769089517423,0.9650436953807741
5.063291,l1,0.8757575757575757,0.8757575757575758,0.875973700973701,0.8745320188852292,0.9700374531835206
0.627601,,,,,,
3.710971,l1,0.8757575757575757,0.8757575757575758,0.875973700973701,0.8745320188852292,0.9750312109862672
9.906601,,,,,,
8.988141,l2,0.8757575757575757,0.8757575757575758,0.8756967433438022,0.8744769089517423,0.9662921348314607
2.705621,l1,0.8787878787878788,0.8787878787878788,0.8788157064627654,0.877704040971444,0.9812734082397003
8.009781,l2,0.8757575757575757,0.8757575757575758,0.8756967433438022,0.8744769089517423,0.9675405742821473
5.811541,l2,0.8727272727272727,0.8727272727272727,0.8728458049886622,0.871286922373879,0.9700374531835206
4.465651,,,,,,
9.782381,l2,0.8757575757575757,0.8757575757575758,0.8756967433438022,0.8744769089517423,0.9637952559300874
6.493001,,,,,,
8.737161,l2,0.8757575757575757,0.8757575757575758,0.8756967433438022,0.8744769089517423,0.9662921348314607
7.984251,,,,,,
4.695731,l1,0.8757575757575757,0.8757575757575758,0.875973700973701,0.8745320188852292,0.9725343320848939
2.402971,l2,0.8757575757575757,0.8757575757575756,0.8755646063919263,0.8747862558113023,0.9812734082397003
2.314431,l2,0.8757575757575757,0.8757575757575756,0.8755646063919263,0.8747862558113023,0.9812734082397003
7.504631,,,,,,
1.314801,l1,0.8787878787878788,0.8787878787878788,0.8784802902449962,0.8779481563026034,0.9937578027465668
1.210221,l1,0.8787878787878788,0.8787878787878788,0.8784802902449962,0.8779481563026034,0.9937578027465668
8.467081,,,,,,
4.633521,l2,0.8757575757575757,0.8757575757575758,0.875973700973701,0.8745320188852292,0.9737827715355806
8.218361,,,,,,
3.492891,l1,0.8757575757575757,0.8757575757575758,0.875973700973701,0.8745320188852292,0.9750312109862672
4.391791,l1,0.8757575757575757,0.8757575757575758,0.875973700973701,0.8745320188852292,0.9737827715355806
4.121641,,,,,,
9.288951,,,,,,
0.784231,,,,,,
9.188251,l1,0.8757575757575757,0.8757575757575758,0.8756967433438022,0.8744769089517423,0.9650436953807741
4.387171,,,,,,
3.711641,l2,0.8757575757575757,0.8757575757575758,0.875973700973701,0.8745320188852292,0.9750312109862672
9.923951,,,,,,
8.611971,l1,0.8757575757575757,0.8757575757575758,0.8756967433438022,0.8744769089517423,0.9662921348314607
2.727071,l1,0.8787878787878788,0.8787878787878788,0.8788157064627654,0.877704040971444,0.9812734082397003
4.100621,l1,0.8757575757575757,0.8757575757575758,0.875973700973701,0.8745320188852292,0.9737827715355806
1.930891,,,,,,
5.932341,l2,0.8727272727272727,0.8727272727272727,0.8728458049886622,0.871286922373879,0.9700374531835206
1.655501,l1,0.8787878787878788,0.8787878787878788,0.8784802902449962,0.8779481563026034,0.9912609238451935
0.755981,l1,0.8727272727272727,0.8727272727272727,0.8722066548153505,0.8720987236655185,0.9962546816479401
8.151421,l1,0.8757575757575757,0.8757575757575758,0.8756967433438022,0.8744769089517423,0.9662921348314607
9.488821,l2,0.8757575757575757,0.8757575757575758,0.8756967433438022,0.8744769089517423,0.9650436953807741
5.875661,,,,,,
4.524281,l1,0.8757575757575757,0.8757575757575758,0.875973700973701,0.8745320188852292,0.9737827715355806
6.211341,,,,,,
0.776381,l2,0.8757575757575757,0.8757575757575756,0.8753198293707166,0.8750245883707769,0.9962546816479401
4.703391,,,,,,
7.428471,l1,0.8757575757575757,0.8757575757575758,0.8756967433438022,0.8744769089517423,0.968789013732834
0.693581,l1,0.8757575757575757,0.8757575757575758,0.8752376436586963,0.8752471650556465,0.9962546816479401
8.201791,l1,0.8757575757575757,0.8757575757575758,0.8756967433438022,0.8744769089517423,0.9662921348314607
2.608711,,,,,,
8.856481,l1,0.8757575757575757,0.8757575757575758,0.8756967433438022,0.8744769089517423,0.9662921348314607
8.811701,l2,0.8757575757575757,0.8757575757575758,0.8756967433438022,0.8744769089517423,0.9662921348314607
5.847791,,,,,,
1.970691,,,,,,
9.890431,l1,0.8757575757575757,0.8757575757575758,0.8756967433438022,0.8744769089517423,0.9637952559300874
9.563221,l2,0.8757575757575757,0.8757575757575758,0.8756967433438022,0.8744769089517423,0.9650436953807741
2.377011,l2,0.8757575757575757,0.8757575757575756,0.8755646063919263,0.8747862558113023,0.9812734082397003
7.611441,,,,,,
1.512901,,,,,,
0.434021,,,,,,
6.346451,l1,0.8727272727272727,0.8727272727272727,0.8728458049886622,0.871286922373879,0.968789013732834
1.416471,l1,0.8787878787878788,0.8787878787878788,0.8784802902449962,0.8779481563026034,0.9937578027465668
0.112991,,,,,,
7.324701,,,,,,
8.713481,,,,,,
7.591091,l1,0.8757575757575757,0.8757575757575758,0.8756967433438022,0.8744769089517423,0.968789013732834
4.368561,l2,0.8757575757575757,0.8757575757575758,0.875973700973701,0.8745320188852292,0.9737827715355806
5.045391,,,,,,
1.348971,l1,0.8787878787878788,0.8787878787878788,0.8784802902449962,0.8779481563026034,0.9937578027465668
6.379781,l2,0.8727272727272727,0.8727272727272727,0.8728458049886622,0.871286922373879,0.9700374531835206
9.719081,,,,,,
3.881471,l1,0.8757575757575757,0.8757575757575758,0.875973700973701,0.8745320188852292,0.9737827715355806
5.518261,l1,0.8727272727272727,0.8727272727272727,0.8728458049886622,0.871286922373879,0.9700374531835206
0.658131,,,,,,
3.433361,l1,0.8757575757575757,0.8757575757575758,0.875973700973701,0.8745320188852292,0.9750312109862672
2.902001,l1,0.8787878787878788,0.8787878787878788,0.8788157064627654,0.877704040971444,0.9800249687890137
1.429471,l2,0.8787878787878788,0.8787878787878788,0.8784802902449962,0.8779481563026034,0.9937578027465668
2.935961,l1,0.8787878787878788,0.8787878787878788,0.8788157064627654,0.877704040971444,0.978776529338327
9.776931,,,,,,
2.488311,l2,0.8757575757575757,0.8757575757575756,0.8755646063919263,0.8747862558113023,0.9812734082397003
6.588201,,,,,,
7.013311,l2,0.8727272727272727,0.8727272727272727,0.8728458049886622,0.871286922373879,0.968789013732834
5.038081,l1,0.8757575757575757,0.8757575757575758,0.875973700973701,0.8745320188852292,0.9700374531835206
1.739201,l1,0.8787878787878788,0.8787878787878788,0.8784802902449962,0.8779481563026034,0.9900124843945068
6.070731,l2,0.8727272727272727,0.8727272727272727,0.8728458049886622,0.871286922373879,0.9700374531835206
0.923661,l1,0.8757575757575757,0.8757575757575756,0.8753460510886253,0.8747412882536167,0.9937578027465668
4.695851,l2,0.8757575757575757,0.8757575757575758,0.875973700973701,0.8745320188852292,0.9737827715355806
8.320191,l2,0.8757575757575757,0.8757575757575758,0.8756967433438022,0.8744769089517423,0.9662921348314607
9.481571,l2,0.8757575757575757,0.8757575757575758,0.8756967433438022,0.8744769089517423,0.9650436953807741
8.010031,l1,0.8757575757575757,0.8757575757575758,0.8756967433438022,0.8744769089517423,0.9662921348314607
5.828931,,,,,,
7.287091,l2,0.8727272727272727,0.8727272727272727,0.8728458049886622,0.871286922373879,0.968789013732834
2.248351,l1,0.8787878787878788,0.8787878787878788,0.8784802902449962,0.8779481563026034,0.9812734082397003
3.789831,l2,0.8757575757575757,0.8757575757575758,0.875973700973701,0.8745320188852292,0.9750312109862672
8.149001,l2,0.8757575757575757,0.8757575757575758,0.8756967433438022,0.8744769089517423,0.9662921348314607
8.609031,,,,,,
4.950761,l2,0.8757575757575757,0.8757575757575758,0.875973700973701,0.8745320188852292,0.9712858926342073
2.365751,l2,0.8757575757575757,0.8757575757575756,0.8755646063919263,0.8747862558113023,0.9812734082397003
9.668261,,,,,,
4.136251,l1,0.8757575757575757,0.8757575757575758,0.875973700973701,0.8745320188852292,0.9737827715355806
2.852881,l2,0.8787878787878788,0.8787878787878788,0.8788157064627654,0.877704040971444,0.9800249687890137
7.596141,l2,0.8757575757575757,0.8757575757575758,0.8756967433438022,0.8744769089517423,0.968789013732834
0.255761,,,,,,
6.240061,,,,,,
8.608621,l2,0.8757575757575757,0.8757575757575758,0.8756967433438022,0.8744769089517423,0.9662921348314607
4.375771,l1,0.8757575757575757,0.8757575757575758,0.875973700973701,0.8745320188852292,0.9737827715355806
6.205871,l2,0.8727272727272727,0.8727272727272727,0.8728458049886622,0.871286922373879,0.9700374531835206
0.444531,,,,,,
9.637301,l1,0.8757575757575757,0.8757575757575758,0.8756967433438022,0.8744769089517423,0.9650436953807741
5.915891,l1,0.8727272727272727,0.8727272727272727,0.8728458049886622,0.871286922373879,0.9700374531835206
2.521071,,,,,,
4.828481,,,,,,
9.599671,,,,,,
5.353861,,,,,,
8.978421,l2,0.8757575757575757,0.8757575757575758,0.8756967433438022,0.8744769089517423,0.9662921348314607
3.802731,l1,0.8757575757575757,0.8757575757575758,0.875973700973701,0.8745320188852292,0.9737827715355806
5.943391,l1,0.8727272727272727,0.8727272727272727,0.8728458049886622,0.871286922373879,0.9700374531835206
4.965851,l1,0.8757575757575757,0.8757575757575758,0.875973700973701,0.8745320188852292,0.9700374531835206
3.331621,,,,,,
9.694181,l1,0.8757575757575757,0.8757575757575758,0.8756967433438022,0.8744769089517423,0.9637952559300874
9.885791,,,,,,
3.663641,l2,0.8757575757575757,0.8757575757575758,0.875973700973701,0.8745320188852292,0.9750312109862672
0.303131,,,,,,
9.391291,,,,,,
2.657631,l1,0.8757575757575757,0.8757575757575756,0.8755646063919263,0.8747862558113023,0.9812734082397003
9.945011,,,,,,
8.986741,,,,,,
1.829521,l1,0.8787878787878788,0.8787878787878788,0.8784802902449962,0.8779481563026034,0.9887640449438202
3.735111,,,,,,
9.575481,,,,,,
5.420221,l1,0.8727272727272727,0.8727272727272727,0.8728458049886622,0.871286922373879,0.9700374531835206
2.808881,l1,0.8787878787878788,0.8787878787878788,0.8788157064627654,0.877704040971444,0.9800249687890137
6.406231,,,,,,
3.961651,l1,0.8757575757575757,0.8757575757575758,0.875973700973701,0.8745320188852292,0.9737827715355806
7.682921,,,,,,
5.024911,l2,0.8757575757575757,0.8757575757575758,0.875973700973701,0.8745320188852292,0.9712858926342073
8.347591,l1,0.8757575757575757,0.8757575757575758,0.8756967433438022,0.8744769089517423,0.9662921348314607
1.367551,,,,,,
5.140791,l2,0.8757575757575757,0.8757575757575758,0.875973700973701,0.8745320188852292,0.9700374531835206
9.759611,,,,,,
9.403501,l2,0.8757575757575757,0.8757575757575758,0.8756967433438022,0.8744769089517423,0.9650436953807741
7.208521,l1,0.8727272727272727,0.8727272727272727,0.8728458049886622,0.871286922373879,0.968789013732834
9.262271,l1,0.8757575757575757,0.8757575757575758,0.8756967433438022,0.8744769089517423,0.9650436953807741
6.545591,l2,0.8727272727272727,0.8727272727272727,0.8728458049886622,0.871286922373879,0.9700374531835206
4.932191,l1,0.8757575757575757,0.8757575757575758,0.875973700973701,0.8745320188852292,0.9712858926342073
0.065071,,,,,,
2.964661,,,,,,
6.931281,l1,0.8727272727272727,0.8727272727272727,0.8728458049886622,0.871286922373879,0.968789013732834
6.163091,,,,,,
5.457561,l2,0.8727272727272727,0.8727272727272727,0.8728458049886622,0.871286922373879,0.9700374531835206
1.881291,l2,0.8787878787878788,0.8787878787878788,0.8784802902449962,0.8779481563026034,0.9887640449438202
3.068481,l2,0.8787878787878788,0.8787878787878788,0.8788157064627654,0.877704040971444,0.978776529338327
7.803651,l2,0.8757575757575757,0.8757575757575758,0.8756967433438022,0.8744769089517423,0.9675405742821473
8.060391,,,,,,
9.014471,l1,0.8757575757575757,0.8757575757575758,0.8756967433438022,0.8744769089517423,0.9662921348314607
5.715111,l2,0.8727272727272727,0.8727272727272727,0.8728458049886622,0.871286922373879,0.9700374531835206
6.840261,,,,,,
6.068201,l1,0.8727272727272727,0.8727272727272727,0.8728458049886622,0.871286922373879,0.9700374531835206
8.735051,l1,0.8757575757575757,0.8757575757575758,0.8756967433438022,0.8744769089517423,0.9662921348314607
7.133161,l1,0.8727272727272727,0.8727272727272727,0.8728458049886622,0.871286922373879,0.968789013732834
0.149581,l1,0.8696969696969697,0.8696969696969696,0.8690275181410682,0.8688970660801646,0.9987515605493134
6.512531,l1,0.8727272727272727,0.8727272727272727,0.8728458049886622,0.871286922373879,0.968789013732834
7.513861,l2,0.8757575757575757,0.8757575757575758,0.8756967433438022,0.8744769089517423,0.968789013732834
0.904381,l2,0.8727272727272727,0.8727272727272727,0.8721626581667149,0.8718203092055155,0.9950062421972534
8.361461,l1,0.8757575757575757,0.8757575757575758,0.8756967433438022,0.8744769089517423,0.9662921348314607
0.783211,,,,,,
3.089911,l2,0.8787878787878788,0.8787878787878788,0.8788157064627654,0.877704040971444,0.978776529338327
9.333481,,,,,,
0.599441,,,,,,
4.969651,l2,0.8757575757575757,0.8757575757575758,0.875973700973701,0.8745320188852292,0.9712858926342073
1.726071,,,,,,
7.195661,,,,,,
5.660191,,,,,,
3.884411,,,,,,
4.427911,l1,0.8757575757575757,0.8757575757575758,0.875973700973701,0.8745320188852292,0.9737827715355806
0.264071,l1,0.8666666666666667,0.8666666666666667,0.8660211210921149,0.8657258026100906,0.9987515605493134
0.229841,l2,0.8696969696969697,0.8696969696969696,0.8692100201976332,0.8689448454095682,1.0
5.851051,l1,0.8727272727272727,0.8727272727272727,0.8728458049886622,0.871286922373879,0.9700374531835206
5.909951,,,,,,
7.954391,l1,0.8757575757575757,0.8757575757575758,0.8756967433438022,0.8744769089517423,0.9675405742821473
8.939111,l2,0.8757575757575757,0.8757575757575758,0.8756967433438022,0.8744769089517423,0.9662921348314607
5.618801,l2,0.8727272727272727,0.8727272727272727,0.8728458049886622,0.871286922373879,0.9700374531835206
9.625741,l1,0.8757575757575757,0.8757575757575758,0.8756967433438022,0.8744769089517423,0.9650436953807741
8.131291,,,,,,
6.309871,l1,0.8727272727272727,0.8727272727272727,0.8728458049886622,0.871286922373879,0.968789013732834
3.495681,,,,,,
8.568311,l2,0.8757575757575757,0.8757575757575758,0.8756967433438022,0.8744769089517423,0.9662921348314607
4.619131,l1,0.8757575757575757,0.8757575757575758,0.875973700973701,0.8745320188852292,0.9737827715355806
7.068891,,,,,,
2.159951,,,,,,
9.092261,l2,0.8757575757575757,0.8757575757575758,0.8756967433438022,0.8744769089517423,0.9662921348314607
0.416381,,,,,,
0.984781,l2,0.8727272727272727,0.8727272727272727,0.8724213075060533,0.871561787351261,0.9937578027465668
1.409141,,,,,,
5.820711,l1,0.8727272727272727,0.8727272727272727,0.8728458049886622,0.871286922373879,0.9700374531835206
3.147011,l1,0.8787878787878788,0.8787878787878788,0.8788157064627654,0.877704040971444,0.9775280898876404
6.448081,,,,,,
4.283121,l2,0.8757575757575757,0.8757575757575758,0.875973700973701,0.8745320188852292,0.9737827715355806
3.742511,,,,,,
3.003941,l1,0.8787878787878788,0.8787878787878788,0.8788157064627654,0.877704040971444,0.978776529338327
5.862341,l2,0.8727272727272727,0.8727272727272727,0.8728458049886622,0.871286922373879,0.9700374531835206
4.493371,l1,0.8757575757575757,0.8757575757575758,0.875973700973701,0.8745320188852292,0.9737827715355806
5.741121,,,,,,
7.372981,l2,0.8727272727272727,0.8727272727272727,0.8728458049886622,0.871286922373879,0.968789013732834
3.272151,l2,0.8787878787878788,0.8787878787878788,0.8788157064627654,0.877704040971444,0.9775280898876404
2.430281,l1,0.8787878787878788,0.8787878787878788,0.8784802902449962,0.8779481563026034,0.9812734082397003
7.052861,l1,0.8727272727272727,0.8727272727272727,0.8728458049886622,0.871286922373879,0.968789013732834
6.579201,l2,0.8727272727272727,0.8727272727272727,0.8728458049886622,0.871286922373879,0.9700374531835206
3.337361,l2,0.8757575757575757,0.8757575757575758,0.875973700973701,0.8745320188852292,0.9775280898876404
6.281771,l2,0.8727272727272727,0.8727272727272727,0.8728458049886622,0.871286922373879,0.9700374531835206
8.384631,l2,0.8757575757575757,0.8757575757575758,0.8756967433438022,0.8744769089517423,0.9662921348314607
1.581521,l1,0.8787878787878788,0.8787878787878788,0.8784802902449962,0.8779481563026034,0.9912609238451935
6.257651,l1,0.8727272727272727,0.8727272727272727,0.8728458049886622,0.871286922373879,0.9700374531835206
9.569121,,,,,,
8.837881,l2,0.8757575757575757,0.8757575757575758,0.8756967433438022,0.8744769089517423,0.9662921348314607
5.340471,,,,,,
1.118431,l1,0.8757575757575757,0.8757575757575756,0.8753460510886253,0.8747412882536167,0.9937578027465668
0.369411,,,,,,
5.674951,l1,0.8727272727272727,0.8727272727272727,0.8728458049886622,0.871286922373879,0.9700374531835206
2.841751,,,,,,
6.575611,l2,0.8727272727272727,0.8727272727272727,0.8728458049886622,0.871286922373879,0.9700374531835206
9.558991,l1,0.8757575757575757,0.8757575757575758,0.8756967433438022,0.8744769089517423,0.9650436953807741
5.359301,l2,0.8727272727272727,0.8727272727272727,0.8728458049886622,0.871286922373879,0.9700374531835206
1.272591,l2,0.8787878787878788,0.8787878787878788,0.8784802902449962,0.8779481563026034,0.9937578027465668
4.768141,,,,,,
0.779751,l1,0.8727272727272727,0.8727272727272727,0.8722066548153505,0.8720987236655185,0.9962546816479401
7.993821,l1,0.8757575757575757,0.8757575757575758,0.8756967433438022,0.8744769089517423,0.9662921348314607
3.162351,l1,0.8787878787878788,0.8787878787878788,0.8788157064627654,0.877704040971444,0.9775280898876404
5.555381,l1,0.8727272727272727,0.8727272727272727,0.8728458049886622,0.871286922373879,0.9700374531835206
2.556371,l1,0.8757575757575757,0.8757575757575756,0.8755646063919263,0.8747862558113023,0.9812734082397003
0.611221,l1,0.8757575757575757,0.8757575757575758,0.8752376436586963,0.8752471650556465,0.9987515605493134
3.291971,,,,,,
6.982821,,,,,,
5.585611,,,,,,
4.395661,l2,0.8757575757575757,0.8757575757575758,0.875973700973701,0.8745320188852292,0.9737827715355806
2.942991,l2,0.8787878787878788,0.8787878787878788,0.8788157064627654,0.877704040971444,0.9800249687890137
0.669281,l1,0.8757575757575757,0.8757575757575758,0.8752376436586963,0.8752471650556465,0.9975031210986267
5.863691,l2,0.8727272727272727,0.8727272727272727,0.8728458049886622,0.871286922373879,0.9700374531835206
5.019431,l2,0.8757575757575757,0.8757575757575758,0.875973700973701,0.8745320188852292,0.9700374531835206
4.523941,l2,0.8757575757575757,0.8757575757575758,0.875973700973701,0.8745320188852292,0.9737827715355806
8.396021,l2,0.8757575757575757,0.8757575757575758,0.8756967433438022,0.8744769089517423,0.9662921348314607
4.968251,,,,,,
0.301291,,,,,,
8.565591,l2,0.8757575757575757,0.8757575757575758,0.8756967433438022,0.8744769089517423,0.9662921348314607
3.139941,l1,0.8787878787878788,0.8787878787878788,0.8788157064627654,0.877704040971444,0.9775280898876404
0.428431,,,,,,
2.424681,l2,0.8757575757575757,0.8757575757575756,0.8755646063919263,0.8747862558113023,0.9812734082397003
6.836371,l1,0.8727272727272727,0.8727272727272727,0.8728458049886622,0.871286922373879,0.968789013732834
4.200091,l2,0.8757575757575757,0.8757575757575758,0.875973700973701,0.8745320188852292,0.9737827715355806
9.987381,,,,,,
8.841901,l1,0.8757575757575757,0.8757575757575758,0.8756967433438022,0.8744769089517423,0.9662921348314607
4.193711,l1,0.8757575757575757,0.8757575757575758,0.875973700973701,0.8745320188852292,0.9737827715355806
0.302511,l2,0.8696969696969697,0.8696969696969696,0.8692100201976332,0.8689448454095682,0.9987515605493134
6.748461,,,,,,
8.928871,l1,0.8757575757575757,0.8757575757575758,0.8756967433438022,0.8744769089517423,0.9662921348314607
1.036041,,,,,,
2.838521,l1,0.8787878787878788,0.8787878787878788,0.8788157064627654,0.877704040971444,0.9800249687890137
9.971261,,,,,,
5.472551,l2,0.8727272727272727,0.8727272727272727,0.8728458049886622,0.871286922373879,0.9700374531835206
7.569811,l2,0.8757575757575757,0.8757575757575758,0.8756967433438022,0.8744769089517423,0.968789013732834
2.103671,l2,0.8757575757575757,0.8757575757575756,0.8755646063919263,0.8747862558113023,0.9837702871410736
1.491341,,,,,,
8.358521,,,,,,
0.706241,l2,0.8757575757575757,0.8757575757575758,0.8752376436586963,0.8752471650556465,0.9975031210986267
4.992721,,,,,,
7.788141,,,,,,
4.539551,l1,0.8757575757575757,0.8757575757575758,0.875973700973701,0.8745320188852292,0.9737827715355806
2.049201,,,,,,
2.589001,,,,,,
6.663371,l2,0.8727272727272727,0.8727272727272727,0.8728458049886622,0.871286922373879,0.968789013732834
4.408071,l1,0.8757575757575757,0.8757575757575758,0.875973700973701,0.8745320188852292,0.9737827715355806
7.958791,,,,,,
8.654501,,,,,,
4.900891,,,,,,
6.519941,l2,0.8727272727272727,0.8727272727272727,0.8728458049886622,0.871286922373879,0.9700374531835206
6.528771,,,,,,
7.429671,l2,0.8727272727272727,0.8727272727272727,0.8728458049886622,0.871286922373879,0.968789013732834
7.149001,l2,0.8727272727272727,0.8727272727272727,0.8728458049886622,0.871286922373879,0.968789013732834
8.661971,,,,,,
4.775371,l1,0.8757575757575757,0.8757575757575758,0.875973700973701,0.8745320188852292,0.9725343320848939
1.195771,l2,0.8787878787878788,0.8787878787878788,0.8784802902449962,0.8779481563026034,0.9937578027465668
4.462261,,,,,,
0.478781,l1,0.8757575757575757,0.8757575757575758,0.8752376436586963,0.8752471650556465,0.9987515605493134
2.197481,l2,0.8757575757575757,0.8757575757575756,0.8755646063919263,0.8747862558113023,0.982521847690387
8.563751,l1,0.8757575757575757,0.8757575757575758,0.8756967433438022,0.8744769089517423,0.9662921348314607
9.355661,,,,,,
9.876421,l2,0.8757575757575757,0.8757575757575758,0.8756967433438022,0.8744769089517423,0.9637952559300874
3.511821,,,,,,
4.152781,,,,,,
7.832871,l1,0.8757575757575757,0.8757575757575758,0.8756967433438022,0.8744769089517423,0.9675405742821473
7.275361,,,,,,
9.744121,l1,0.8757575757575757,0.8757575757575758,0.8756967433438022,0.8744769089517423,0.9637952559300874
7.006521,,,,,,
2.034511,l1,0.8787878787878788,0.8787878787878788,0.8784802902449962,0.8779481563026034,0.9837702871410736
3.220731,l1,0.8787878787878788,0.8787878787878788,0.8788157064627654,0.877704040971444,0.9775280898876404
7.809071,,,,,,
8.816641,l1,0.8757575757575757,0.8757575757575758,0.8756967433438022,0.8744769089517423,0.9662921348314607
8.455821,,,,,,
4.798231,l2,0.8757575757575757,0.8757575757575758,0.875973700973701,0.8745320188852292,0.9725343320848939
2.018241,,,,,,
1.689381,l1,0.8787878787878788,0.8787878787878788,0.8784802902449962,0.8779481563026034,0.9900124843945068
6.279611,l1,0.8727272727272727,0.8727272727272727,0.8728458049886622,0.871286922373879,0.968789013732834
7.461471,,,,,,
2.335151,l2,0.8757575757575757,0.8757575757575756,0.8755646063919263,0.8747862558113023,0.9812734082397003
1.250281,l2,0.8787878787878788,0.8787878787878788,0.8784802902449962,0.8779481563026034,0.9937578027465668
3.924201,,,,,,
1.069131,l1,0.8757575757575757,0.8757575757575756,0.8753460510886253,0.8747412882536167,0.9937578027465668
2.503331,l1,0.8757575757575757,0.8757575757575756,0.8755646063919263,0.8747862558113023,0.9812734082397003
4.458911,l2,0.8757575757575757,0.8757575757575758,0.875973700973701,0.8745320188852292,0.9737827715355806
7.152701,l2,0.8727272727272727,0.8727272727272727,0.8728458049886622,0.871286922373879,0.968789013732834
9.444421,l2,0.8757575757575757,0.8757575757575758,0.8756967433438022,0.8744769089517423,0.9650436953807741
7.415631,l1,0.8757575757575757,0.8757575757575758,0.8756967433438022,0.8744769089517423,0.968789013732834
6.811481,,,,,,
2.874861,,,,,,
1.430271,l1,0.8787878787878788,0.8787878787878788,0.8784802902449962,0.8779481563026034,0.9925093632958801
2.191051,,,,,,
7.629831,l2,0.8757575757575757,0.8757575757575758,0.8756967433438022,0.8744769089517423,0.968789013732834
2.748181,l1,0.8787878787878788,0.8787878787878788,0.8788157064627654,0.877704040971444,0.9812734082397003
0.058721,l1,0.8696969696969697,0.8696969696969696,0.8690275181410682,0.8688970660801646,1.0
6.286001,l1,0.8727272727272727,0.8727272727272727,0.8728458049886622,0.871286922373879,0.968789013732834
1.185611,,,,,,
7.392811,l1,0.8757575757575757,0.8757575757575758,0.8756967433438022,0.8744769089517423,0.968789013732834
6.731831,l1,0.8727272727272727,0.8727272727272727,0.8728458049886622,0.871286922373879,0.968789013732834
7.156381,l2,0.8727272727272727,0.8727272727272727,0.8728458049886622,0.871286922373879,0.968789013732834
9.740061,l1,0.8757575757575757,0.8757575757575758,0.8756967433438022,0.8744769089517423,0.9637952559300874
8.746301,,,,,,
5.626381,l2,0.8727272727272727,0.8727272727272727,0.8728458049886622,0.871286922373879,0.9700374531835206
6.968021,l2,0.8727272727272727,0.8727272727272727,0.8728458049886622,0.871286922373879,0.968789013732834
3.458081,l2,0.8757575757575757,0.8757575757575758,0.875973700973701,0.8745320188852292,0.9750312109862672
1.034471,l2,0.8727272727272727,0.8727272727272727,0.8724213075060533,0.871561787351261,0.9937578027465668
6.352441,l1,0.8727272727272727,0.8727272727272727,0.8728458049886622,0.871286922373879,0.968789013732834
4.521671,l1,0.8757575757575757,0.8757575757575758,0.875973700973701,0.8745320188852292,0.9737827715355806
3.637311,l2,0.8757575757575757,0.8757575757575758,0.875973700973701,0.8745320188852292,0.9750312109862672
6.845751,l1,0.8727272727272727,0.8727272727272727,0.8728458049886622,0.871286922373879,0.968789013732834
5.397181,l1,0.8727272727272727,0.8727272727272727,0.8728458049886622,0.871286922373879,0.9700374531835206
0.191321,,,,,,
6.963151,,,,,,
2.342941,l1,0.8787878787878788,0.8787878787878788,0.8784802902449962,0.8779481563026034,0.9812734082397003
3.684661,l1,0.8757575757575757,0.8757575757575758,0.875973700973701,0.8745320188852292,0.9750312109862672
7.676121,l2,0.8757575757575757,0.8757575757575758,0.8756967433438022,0.8744769089517423,0.968789013732834
5.849631,l2,0.8727272727272727,0.8727272727272727,0.8728458049886622,0.871286922373879,0.9700374531835206
2.406321,,,,,,
2.060441,l1,0.8787878787878788,0.8787878787878788,0.8784802902449962,0.8779481563026034,0.9837702871410736
7.885591,l2,0.8757575757575757,0.8757575757575758,0.8756967433438022,0.8744769089517423,0.9675405742821473
0.948571,,,,,,
2.213761,,,,,,
3.348101,,,,,,
6.415331,l2,0.8727272727272727,0.8727272727272727,0.8728458049886622,0.871286922373879,0.9700374531835206
6.337031,,,,,,
8.437481,l2,0.8757575757575757,0.8757575757575758,0.8756967433438022,0.8744769089517423,0.9662921348314607
6.881501,,,,,,
5.889821,l2,0.8727272727272727,0.8727272727272727,0.8728458049886622,0.871286922373879,0.9700374531835206
0.067601,l1,0.8696969696969697,0.8696969696969696,0.8690275181410682,0.8688970660801646,1.0
1.738351,l2,0.8787878787878788,0.8787878787878788,0.8784802902449962,0.8779481563026034,0.9900124843945068
6.129341,l1,0.8727272727272727,0.8727272727272727,0.8728458049886622,0.871286922373879,0.9700374531835206
2.748011,,,,,,
7.104351,l1,0.8727272727272727,0.8727272727272727,0.8728458049886622,0.871286922373879,0.968789013732834
6.509181,,,,,,
8.721391,l1,0.8757575757575757,0.8757575757575758,0.8756967433438022,0.8744769089517423,0.9662921348314607
9.835091,l1,0.8757575757575757,0.8757575757575758,0.8756967433438022,0.8744769089517423,0.9637952559300874
7.022681,l1,0.8727272727272727,0.8727272727272727,0.8728458049886622,0.871286922373879,0.968789013732834
6.585181,l2,0.8727272727272727,0.8727272727272727,0.8728458049886622,0.871286922373879,0.9700374531835206
8.752581,,,,,,
6.455711,l1,0.8727272727272727,0.8727272727272727,0.8728458049886622,0.871286922373879,0.968789013732834
0.112621,,,,,,
5.993751,,,,,,
9.748781,,,,,,
7.687251,l2,0.8757575757575757,0.8757575757575758,0.8756967433438022,0.8744769089517423,0.968789013732834
2.831341,l1,0.8787878787878788,0.8787878787878788,0.8788157064627654,0.877704040971444,0.9800249687890137
8.828891,,,,,,
5.128181,,,,,,
1.217061,,,,,,
2.976271,l1,0.8787878787878788,0.8787878787878788,0.8788157064627654,0.877704040971444,0.978776529338327
0.174921,l2,0.8696969696969697,0.8696969696969696,0.8692100201976332,0.8689448454095682,1.0
4.695341,l2,0.8757575757575757,0.8757575757575758,0.875973700973701,0.8745320188852292,0.9737827715355806
3.547711,,,,,,
0.681341,l1,0.8757575757575757,0.8757575757575758,0.8752376436586963,0.8752471650556465,0.9975031210986267
9.529541,l1,0.8757575757575757,0.8757575757575758,0.8756967433438022,0.8744769089517423,0.9650436953807741
0.414381,l2,0.8757575757575757,0.8757575757575758,0.8752376436586963,0.8752471650556465,0.9987515605493134
2.887191,,,,,,
0.350581,l1,0.8727272727272727,0.8727272727272727,0.8722066548153505,0.8720987236655185,0.9987515605493134
9.825761,,,,,,
8.346861,,,,,,
1.790321,l2,0.8787878787878788,0.8787878787878788,0.8784802902449962,0.8779481563026034,0.9887640449438202
9.391011,l2,0.8757575757575757,0.8757575757575758,0.8756967433438022,0.8744769089517423,0.9650436953807741
7.457991,l2,0.8757575757575757,0.8757575757575758,0.8756967433438022,0.8744769089517423,0.968789013732834
7.467461,l1,0.8757575757575757,0.8757575757575758,0.8756967433438022,0.8744769089517423,0.968789013732834
7.690851,l2,0.8757575757575757,0.8757575757575758,0.8756967433438022,0.8744769089517423,0.968789013732834
3.676401,l1,0.8757575757575757,0.8757575757575758,0.875973700973701,0.8745320188852292,0.9750312109862672
2.638881,l1,0.8757575757575757,0.8757575757575756,0.8755646063919263,0.8747862558113023,0.9812734082397003
5.575641,,,,,,
1.240531,l2,0.8787878787878788,0.8787878787878788,0.8784802902449962,0.8779481563026034,0.9937578027465668
8.002451,l1,0.8757575757575757,0.8757575757575758,0.8756967433438022,0.8744769089517423,0.9662921348314607
7.579991,,,,,,
1.700611,l1,0.8787878787878788,0.8787878787878788,0.8784802902449962,0.8779481563026034,0.9900124843945068
5.247621,l2,0.8727272727272727,0.8727272727272727,0.8728458049886622,0.871286922373879,0.9700374531835206
7.932621,,,,,,
4.873431,l2,0.8757575757575757,0.8757575757575758,0.875973700973701,0.8745320188852292,0.9712858926342073
7.049731,l1,0.8727272727272727,0.8727272727272727,0.8728458049886622,0.871286922373879,0.968789013732834
8.311271,l1,0.8757575757575757,0.8757575757575758,0.8756967433438022,0.8744769089517423,0.9662921348314607
7.967911,l2,0.8757575757575757,0.8757575757575758,0.8756967433438022,0.8744769089517423,0.9675405742821473
0.190411,l1,0.8696969696969697,0.8696969696969696,0.8690275181410682,0.8688970660801646,0.9987515605493134
5.751621,l1,0.8727272727272727,0.8727272727272727,0.8728458049886622,0.871286922373879,0.9700374531835206
1.258541,,,,,,
7.301971,,,,,,
8.243131,l1,0.8757575757575757,0.8757575757575758,0.8756967433438022,0.8744769089517423,0.9662921348314607
7.837271,l2,0.8757575757575757,0.8757575757575758,0.8756967433438022,0.8744769089517423,0.9675405742821473
9.564521,l2,0.8757575757575757,0.8757575757575758,0.8756967433438022,0.8744769089517423,0.9650436953807741
9.489221,,,,,,
9.173851,,,,,,
2.814061,,,,,,
6.540581,,,,,,
3.126991,l2,0.8787878787878788,0.8787878787878788,0.8788157064627654,0.877704040971444,0.978776529338327
1.922171,l1,0.8787878787878788,0.8787878787878788,0.8784802902449962,0.8779481563026034,0.9875156054931336
0.955201,,,,,,
3.868951,,,,,,
8.950621,,,,,,
1.820511,l2,0.8787878787878788,0.8787878787878788,0.8784802902449962,0.8779481563026034,0.9887640449438202
2.003761,,,,,,
7.139061,l1,0.8727272727272727,0.8727272727272727,0.8728458049886622,0.871286922373879,0.968789013732834
5.173271,l1,0.8757575757575757,0.8757575757575758,0.875973700973701,0.8745320188852292,0.9700374531835206
7.873631,l2,0.8757575757575757,0.8757575757575758,0.8756967433438022,0.8744769089517423,0.9675405742821473
0.821211,l2,0.8757575757575757,0.8757575757575756,0.8753198293707166,0.8750245883707769,0.9962546816479401
7.287851,l2,0.8727272727272727,0.8727272727272727,0.8728458049886622,0.871286922373879,0.968789013732834
1.150371,,,,,,
1.223281,l1,0.8787878787878788,0.8787878787878788,0.8784802902449962,0.8779481563026034,0.9937578027465668
1.831781,l2,0.8787878787878788,0.8787878787878788,0.8784802902449962,0.8779481563026034,0.9887640449438202
9.057971,,,,,,
8.774601,l1,0.8757575757575757,0.8757575757575758,0.8756967433438022,0.8744769089517423,0.9662921348314607
3.898911,,,,,,
8.985111,,,,,,
8.623661,l1,0.8757575757575757,0.8757575757575758,0.8756967433438022,0.8744769089517423,0.9662921348314607
9.937401,l1,0.8757575757575757,0.8757575757575758,0.8756967433438022,0.8744769089517423,0.9637952559300874
8.228661,l1,0.8757575757575757,0.8757575757575758,0.8756967433438022,0.8744769089517423,0.9662921348314607
3.175611,,,,,,
5.104681,l2,0.8757575757575757,0.8757575757575758,0.875973700973701,0.8745320188852292,0.9700374531835206
2.752211,l1,0.8787878787878788,0.8787878787878788,0.8788157064627654,0.877704040971444,0.9812734082397003
9.072441,l2,0.8757575757575757,0.8757575757575758,0.8756967433438022,0.8744769089517423,0.9662921348314607
0.842311,l2,0.8757575757575757,0.8757575757575756,0.8753198293707166,0.8750245883707769,0.9962546816479401
4.777661,l1,0.8757575757575757,0.8757575757575758,0.875973700973701,0.8745320188852292,0.9725343320848939
2.879881,,,,,,
0.706411,l2,0.8757575757575757,0.8757575757575758,0.8752376436586963,0.8752471650556465,0.9975031210986267
9.692341,l1,0.8757575757575757,0.8757575757575758,0.8756967433438022,0.8744769089517423,0.9637952559300874
5.139651,l2,0.8757575757575757,0.8757575757575758,0.875973700973701,0.8745320188852292,0.9700374531835206
5.575781,l2,0.8727272727272727,0.8727272727272727,0.8728458049886622,0.871286922373879,0.9700374531835206
3.459061,l1,0.8757575757575757,0.8757575757575758,0.875973700973701,0.8745320188852292,0.9750312109862672
2.016561,,,,,,
5.619751,l1,0.8727272727272727,0.8727272727272727,0.8728458049886622,0.871286922373879,0.9700374531835206
4.931321,,,,,,
2.143991,,,,,,
5.766691,,,,,,
